"Status","Start Time","Stop Time","Duration in ms","Parent Suite","Suite","Sub Suite","Test Class","Test Method","Name","Description"
"passed","Sun Apr 18 10:58:12 CST 2021","Sun Apr 18 10:58:12 CST 2021","10","","test_div","TestDiv","","","test_div[除数为负数]",""
"passed","Sun Apr 18 10:58:12 CST 2021","Sun Apr 18 10:58:12 CST 2021","0","","test_div","TestDiv","","","test_div[被除数为负数]",""
"passed","Sun Apr 18 10:58:12 CST 2021","Sun Apr 18 10:58:12 CST 2021","0","","test_add","TestAdd","","","test_add[小数和负数相加]",""
"passed","Sun Apr 18 10:58:12 CST 2021","Sun Apr 18 10:58:12 CST 2021","0","","test_div","TestDiv","","","test_div[被除数为0]",""
"passed","Sun Apr 18 10:58:12 CST 2021","Sun Apr 18 10:58:12 CST 2021","12","","test_div","TestDiv","","","test_div_first",""
"passed","Sun Apr 18 10:58:13 CST 2021","Sun Apr 18 10:58:13 CST 2021","0","","test_div","TestDiv","","","test_div_last",""
"passed","Sun Apr 18 10:58:12 CST 2021","Sun Apr 18 10:58:12 CST 2021","0","","test_div","TestDiv","","","test_div[0除以0]",""
"passed","Sun Apr 18 10:58:12 CST 2021","Sun Apr 18 10:58:12 CST 2021","10","","test_div","TestDiv","","","test_div[被除数为小数]",""
"passed","Sun Apr 18 10:58:12 CST 2021","Sun Apr 18 10:58:12 CST 2021","0","","test_add","TestAdd","","","test_add[正数和负数相加，正数绝对值大于负数绝对值]",""
"passed","Sun Apr 18 10:58:12 CST 2021","Sun Apr 18 10:58:12 CST 2021","0","","test_div","TestDiv","","","test_div[除数为小数]",""
"passed","Sun Apr 18 10:58:12 CST 2021","Sun Apr 18 10:58:12 CST 2021","0","","test_fixture","","","","test_add_cart",""
"passed","Sun Apr 18 10:58:12 CST 2021","Sun Apr 18 10:58:12 CST 2021","0","","test_add","TestAdd","","","test_add[正数和负数相加，正数和负数绝对值相等]",""
"passed","Sun Apr 18 10:58:12 CST 2021","Sun Apr 18 10:58:12 CST 2021","0","","test_add","TestAdd","","","test_add[负数和负数相加]",""
"passed","Sun Apr 18 10:58:12 CST 2021","Sun Apr 18 10:58:12 CST 2021","0","","test_div","TestDiv","","","test_div[负数除以小数]",""
"passed","Sun Apr 18 10:58:12 CST 2021","Sun Apr 18 10:58:12 CST 2021","0","","test_div","TestDiv","","","test_div[负数相除]",""
"passed","Sun Apr 18 10:58:12 CST 2021","Sun Apr 18 10:58:12 CST 2021","0","","test_div","TestDiv","","","test_div[除以数本身]",""
"passed","Sun Apr 18 10:58:13 CST 2021","Sun Apr 18 10:58:13 CST 2021","0","","test_fixture","","","","test_2",""
"passed","Sun Apr 18 10:58:12 CST 2021","Sun Apr 18 10:58:12 CST 2021","0","","test_add","TestAdd","","","test_add[正数和正数相加]",""
"passed","Sun Apr 18 10:58:12 CST 2021","Sun Apr 18 10:58:12 CST 2021","0","","test_div","TestDiv","","","test_div[小数除以负数]",""
"passed","Sun Apr 18 10:58:12 CST 2021","Sun Apr 18 10:58:12 CST 2021","0","","test_div","TestDiv","","","test_div_second",""
"passed","Sun Apr 18 10:58:12 CST 2021","Sun Apr 18 10:58:12 CST 2021","0","","test_add","TestAdd","","","test_add[正数和负数相加，正数绝对值小于负数绝对值]",""
"passed","Sun Apr 18 10:58:12 CST 2021","Sun Apr 18 10:58:12 CST 2021","10","","test_add","TestAdd","","","test_add[正数和小数相加]",""
"passed","Sun Apr 18 10:58:12 CST 2021","Sun Apr 18 10:58:12 CST 2021","0","","test_div","TestDiv","","","test_div[不能整除]",""
"passed","Sun Apr 18 10:58:12 CST 2021","Sun Apr 18 10:58:12 CST 2021","0","","test_add","TestAdd","","","test_add_float[浮点数相加]",""
"passed","Sun Apr 18 10:58:12 CST 2021","Sun Apr 18 10:58:12 CST 2021","0","","test_add","TestAdd","","","test_add[0和0相加]",""
"passed","Sun Apr 18 10:58:12 CST 2021","Sun Apr 18 10:58:12 CST 2021","0","","test_add","TestAdd","","","test_add[小数和小数相加]",""
"passed","Sun Apr 18 10:58:12 CST 2021","Sun Apr 18 10:58:12 CST 2021","0","","test_div","TestDiv","","","test_div[除数为0]",""
"passed","Sun Apr 18 10:58:12 CST 2021","Sun Apr 18 10:58:12 CST 2021","0","","test_div","TestDiv","","","test_div[正数相除]",""
"passed","Sun Apr 18 10:58:12 CST 2021","Sun Apr 18 10:58:12 CST 2021","0","","test_div","TestDiv","","","test_div[除数比被除数小]",""
"passed","Sun Apr 18 10:58:12 CST 2021","Sun Apr 18 10:58:12 CST 2021","0","","debug_2","DeBug_2","","","debug_2",""
"passed","Sun Apr 18 10:58:12 CST 2021","Sun Apr 18 10:58:12 CST 2021","0","","test_div","TestDiv","","","test_div[小数相除]",""
